{"cameraMode":{"drawMode":0,"name":"Shaded","section":"Shading Mode"},"sceneLighting":true,"audioPlay":false,"sceneViewState":{"showFog":true,"showMaterialUpdate":true,"showSkybox":true,"showFlares":true,"showImageEffects":true,"showParticleSystems":true},"in2DMode":false,"pivot":{"x":2.7073349952697756,"y":3.2052507400512697,"z":2.0777480602264406},"rotation":{"x":0.02969038113951683,"y":-0.3794473707675934,"z":-0.012191965244710446,"w":-0.9246639013290405},"size":16.325170516967775,"orthographic":false}